"Batiment";"Secteur";"Etage";"Porte";"Statut";"Note";"Date"
"Cage d'escalier";"";"RDC";"1";"À faire";"";""
"Cage d'escalier";"";"RDC";"2";"À faire";"";""
"Cage d'escalier";"";"1er";"1";"À faire";"";""
"Cage d'escalier";"";"1er";"2";"À faire";"";""
"Cage d'escalier";"";"2e";"1";"À faire";"";""
"Cage d'escalier";"";"2e";"2";"À faire";"";""
"Cage d'escalier";"";"3e";"1";"À faire";"";""
"Cage d'escalier";"";"3e";"2";"À faire";"";""
"Cage d'escalier";"";"RDC";"1";"À faire";"";""
"Cage d'escalier";"";"RDC";"2";"À faire";"";""
"Cage d'escalier";"";"1er";"1";"À faire";"";""
"Cage d'escalier";"";"1er";"2";"À faire";"";""
"Cage d'escalier";"";"2e";"1";"À faire";"";""
"Cage d'escalier";"";"2e";"2";"À faire";"";""
"Cage d'escalier";"";"3e";"1";"À faire";"";""
"Cage d'escalier";"";"3e";"2";"À faire";"";""
"Cage d'escalier";"";"RDC";"1";"À faire";"";""
"Cage d'escalier";"";"RDC";"2";"À faire";"";""
"Cage d'escalier";"";"1er";"1";"À faire";"";""
"Cage d'escalier";"";"1er";"2";"À faire";"";""
"Cage d'escalier";"";"2e";"1";"À faire";"";""
"Cage d'escalier";"";"2e";"2";"À faire";"";""
"Cage d'escalier";"";"3e";"1";"À faire";"";""
"Cage d'escalier";"";"3e";"2";"À faire";"";""
"Cage d'escalier";"";"RDC";"1";"À faire";"";""
"Cage d'escalier";"";"RDC";"2";"À faire";"";""
"Cage d'escalier";"";"1er";"1";"À faire";"";""
"Cage d'escalier";"";"1er";"2";"À faire";"";""
"Cage d'escalier";"";"2e";"1";"À faire";"";""
"Cage d'escalier";"";"2e";"2";"À faire";"";""
"Cage d'escalier";"";"3e";"1";"À faire";"";""
"Cage d'escalier";"";"3e";"2";"À faire";"";""
"Cage d'escalier";"";"RDC";"1";"À faire";"";""
"Cage d'escalier";"";"RDC";"2";"À faire";"";""
"Cage d'escalier";"";"1er";"1";"À faire";"";""
"Cage d'escalier";"";"1er";"2";"À faire";"";""
"Cage d'escalier";"";"2e";"1";"À faire";"";""
"Cage d'escalier";"";"2e";"2";"À faire";"";""
"Cage d'escalier";"";"3e";"1";"À faire";"";""
"Cage d'escalier";"";"3e";"2";"À faire";"";""
"Cage d'escalier";"";"RDC";"1";"À faire";"";""
"Cage d'escalier";"";"RDC";"2";"À faire";"";""
"Cage d'escalier";"";"1er";"1";"À faire";"";""
"Cage d'escalier";"";"1er";"2";"À faire";"";""
"Cage d'escalier";"";"2e";"1";"À faire";"";""
"Cage d'escalier";"";"2e";"2";"À faire";"";""
"Cage d'escalier";"";"3e";"1";"À faire";"";""
"Cage d'escalier";"";"3e";"2";"À faire";"";""
"Cage d'escalier";"";"RDC";"1";"À faire";"";""
"Cage d'escalier";"";"RDC";"2";"À faire";"";""
"Cage d'escalier";"";"1er";"1";"À faire";"";""
"Cage d'escalier";"";"1er";"2";"À faire";"";""
"Cage d'escalier";"";"2e";"1";"À faire";"";""
"Cage d'escalier";"";"2e";"2";"À faire";"";""
"Cage d'escalier";"";"3e";"1";"À faire";"";""
"Cage d'escalier";"";"3e";"2";"À faire";"";""
"Cage d'escalier";"";"RDC";"1";"À faire";"";""
"Cage d'escalier";"";"RDC";"2";"À faire";"";""
"Cage d'escalier";"";"1er";"1";"À faire";"";""
"Cage d'escalier";"";"1er";"2";"À faire";"";""
"Cage d'escalier";"";"2e";"1";"À faire";"";""
"Cage d'escalier";"";"2e";"2";"À faire";"";""
"Cage d'escalier";"";"3e";"1";"À faire";"";""
"Cage d'escalier";"";"3e";"2";"À faire";"";""
"Cage d'escalier";"";"RDC";"1";"À faire";"";""
"Cage d'escalier";"";"RDC";"2";"À faire";"";""
"Cage d'escalier";"";"1er";"1";"À faire";"";""
"Cage d'escalier";"";"1er";"2";"À faire";"";""
"Cage d'escalier";"";"2e";"1";"À faire";"";""
"Cage d'escalier";"";"2e";"2";"À faire";"";""
"Cage d'escalier";"";"3e";"1";"À faire";"";""
"Cage d'escalier";"";"3e";"2";"À faire";"";""
"Cage d'escalier";"";"RDC";"1";"À faire";"";""
"Cage d'escalier";"";"RDC";"2";"À faire";"";""
"Cage d'escalier";"";"1er";"1";"À faire";"";""
"Cage d'escalier";"";"1er";"2";"À faire";"";""
"Cage d'escalier";"";"2e";"1";"À faire";"";""
"Cage d'escalier";"";"2e";"2";"À faire";"";""
"Cage d'escalier";"";"3e";"1";"À faire";"";""
"Cage d'escalier";"";"3e";"2";"À faire";"";""
"Cage d'escalier";"";"RDC";"1";"À faire";"";""
"Cage d'escalier";"";"RDC";"2";"À faire";"";""
"Cage d'escalier";"";"1er";"1";"À faire";"";""
"Cage d'escalier";"";"1er";"2";"À faire";"";""
"Cage d'escalier";"";"2e";"1";"À faire";"";""
"Cage d'escalier";"";"2e";"2";"À faire";"";""
"Cage d'escalier";"";"3e";"1";"À faire";"";""
"Cage d'escalier";"";"3e";"2";"À faire";"";""
"Cage d'escalier";"";"RDC";"1";"À faire";"";""
"Cage d'escalier";"";"RDC";"2";"À faire";"";""
"Cage d'escalier";"";"1er";"1";"À faire";"";""
"Cage d'escalier";"";"1er";"2";"À faire";"";""
"Cage d'escalier";"";"2e";"1";"À faire";"";""
"Cage d'escalier";"";"2e";"2";"À faire";"";""
"Cage d'escalier";"";"3e";"1";"À faire";"";""
"Cage d'escalier";"";"3e";"2";"À faire";"";""
"Cage d'escalier";"";"RDC";"1";"À faire";"";""
"Cage d'escalier";"";"RDC";"2";"À faire";"";""
"Cage d'escalier";"";"1er";"1";"À faire";"";""
"Cage d'escalier";"";"1er";"2";"À faire";"";""
"Cage d'escalier";"";"2e";"1";"À faire";"";""
"Cage d'escalier";"";"2e";"2";"À faire";"";""
"Cage d'escalier";"";"3e";"1";"À faire";"";""
"Cage d'escalier";"";"3e";"2";"À faire";"";""
"Cage d'escalier";"";"RDC";"1";"À faire";"";""
"Cage d'escalier";"";"RDC";"2";"À faire";"";""
"Cage d'escalier";"";"1er";"1";"À faire";"";""
"Cage d'escalier";"";"1er";"2";"À faire";"";""
"Cage d'escalier";"";"2e";"1";"À faire";"";""
"Cage d'escalier";"";"2e";"2";"À faire";"";""
"Cage d'escalier";"";"3e";"1";"À faire";"";""
"Cage d'escalier";"";"3e";"2";"À faire";"";""
"Cage d'escalier";"";"RDC";"1";"À faire";"";""
"Cage d'escalier";"";"RDC";"2";"À faire";"";""
"Cage d'escalier";"";"1er";"1";"À faire";"";""
"Cage d'escalier";"";"1er";"2";"À faire";"";""
"Cage d'escalier";"";"2e";"1";"À faire";"";""
"Cage d'escalier";"";"2e";"2";"À faire";"";""
"Cage d'escalier";"";"3e";"1";"À faire";"";""
"Cage d'escalier";"";"3e";"2";"À faire";"";""
"Cage d'escalier";"";"RDC";"1";"À faire";"";""
"Cage d'escalier";"";"RDC";"2";"À faire";"";""
"Cage d'escalier";"";"1er";"1";"À faire";"";""
"Cage d'escalier";"";"1er";"2";"À faire";"";""
"Cage d'escalier";"";"2e";"1";"À faire";"";""
"Cage d'escalier";"";"2e";"2";"À faire";"";""
"Cage d'escalier";"";"3e";"1";"À faire";"";""
"Cage d'escalier";"";"3e";"2";"À faire";"";""
"Cage d'escalier";"";"RDC";"1";"À faire";"";""
"Cage d'escalier";"";"RDC";"2";"À faire";"";""
"Cage d'escalier";"";"1er";"1";"À faire";"";""
"Cage d'escalier";"";"1er";"2";"À faire";"";""
"Cage d'escalier";"";"2e";"1";"À faire";"";""
"Cage d'escalier";"";"2e";"2";"À faire";"";""
"Cage d'escalier";"";"3e";"1";"À faire";"";""
"Cage d'escalier";"";"3e";"2";"À faire";"";""
"Cage d'escalier";"";"RDC";"1";"À faire";"";""
"Cage d'escalier";"";"RDC";"2";"À faire";"";""
"Cage d'escalier";"";"1er";"1";"À faire";"";""
"Cage d'escalier";"";"1er";"2";"À faire";"";""
"Cage d'escalier";"";"2e";"1";"À faire";"";""
"Cage d'escalier";"";"2e";"2";"À faire";"";""
"Cage d'escalier";"";"3e";"1";"À faire";"";""
"Cage d'escalier";"";"3e";"2";"À faire";"";""